Years of Teaching Experience,Organization,Number,Percentage
 0.0 - 5,*,"54,515",672.670793922
 5.1 - 10,*,"33,242",412.610883069
10.1 - 15,*,"32,451",399.392859630
15.1 - 20,*,"27,950",351.791863184
20.1 - 25,*,"19,024",244.759549375
25.1 - 30,*,"13,720",183.098102012
30.1 - 35,*,"7,770",113.335521027
35.1 - 40,*,"3,306",45.937838199
40.1 - 45,*,691,10.046807014
45.1 - 50,*,84,1.164254276
50.1 - 55,*,9,0.104396998
